{
  "atts": {
    "twfe": -10.261379273843591,
    "cs": -4.771951857666143,
    "sa": -12.10290855827579,
    "bjs": -11.926260353274838
  },
  "signs": {
    "twfe": false,
    "cs": false,
    "sa": false,
    "bjs": false
  },
  "same_sign": true,
  "spread_pct_vs_twfe": {
    "twfe": 0.0,
    "cs": 53.49599960864988,
    "sa": -17.946215954869576,
    "bjs": -16.22472998025766
  },
  "invariant_sign_agreement": true,
  "invariant_magnitude_within_20pct_of_twfe": false
}