{
  "atts": {
    "twfe": -10.27111838124901,
    "cs": -4.873898511090853,
    "sa": -12.847914169948066,
    "bjs": -11.90471889249752
  },
  "signs": {
    "twfe": false,
    "cs": false,
    "sa": false,
    "bjs": false
  },
  "same_sign": true,
  "spread_pct_vs_twfe": {
    "twfe": 0.0,
    "cs": 52.54753834802782,
    "sa": -25.08778200242792,
    "bjs": -15.904796835277612
  },
  "invariant_sign_agreement": true,
  "invariant_magnitude_within_20pct_of_twfe": false
}