{
  "twfe": {
    "att": -10.261379273843591,
    "se": 1.7600129803294817,
    "p_value": 5.841260586336716e-09,
    "ci_95_low": -13.711684408078801,
    "ci_95_high": -6.811074139608381,
    "n": 5772,
    "method": "twfe"
  },
  "cs": {
    "att": -4.771951857666143,
    "se": 2.2195183985689932,
    "p_value": 0.031555667366164775,
    "ci_95_low": -9.122127981885388,
    "ci_95_high": -0.421775733446899,
    "n": 5772,
    "method": "cs"
  },
  "sa": {
    "att": -12.10290855827579,
    "se": 2.609653204622392,
    "p_value": 3.5222936607404165e-06,
    "ci_95_low": -17.217828839335677,
    "ci_95_high": -6.9879882772159005,
    "n": 5772,
    "method": "sa"
  },
  "bjs": {
    "att": -11.926260353274838,
    "se": 0.6453998173037618,
    "p_value": 0.0,
    "ci_95_low": -13.191243995190211,
    "ci_95_high": -10.661276711359465,
    "n": 5772,
    "method": "bjs"
  }
}