{
  "twfe": {
    "att": -10.27111838124901,
    "se": 1.775609687318204,
    "p_value": 7.678779168074357e-09,
    "ci_95_low": -13.752029488581275,
    "ci_95_high": -6.790207273916747,
    "n": 5550,
    "method": "twfe"
  },
  "cs": {
    "att": -4.873898511090853,
    "se": 2.0105265327326167,
    "p_value": 0.015342571936653338,
    "ci_95_low": -8.814458105208972,
    "ci_95_high": -0.9333389169727337,
    "n": 5550,
    "method": "cs"
  },
  "sa": {
    "att": -12.847914169948066,
    "se": 2.8148554539901784,
    "p_value": 5.011048016978492e-06,
    "ci_95_low": -18.365030859768815,
    "ci_95_high": -7.330797480127316,
    "n": 5550,
    "method": "sa"
  },
  "bjs": {
    "att": -11.90471889249752,
    "se": 0.7019909052465987,
    "p_value": 0.0,
    "ci_95_low": -13.280621066780853,
    "ci_95_high": -10.528816718214188,
    "n": 5550,
    "method": "bjs"
  }
}