{
  "twfe": {
    "att": -15.292768959435215,
    "se": 7.370300709955736,
    "p_value": 0.03805339524620921,
    "ci_95_low": -29.742354491045297,
    "ci_95_high": -0.8431834278251333,
    "n": 4440,
    "method": "twfe"
  },
  "cs": {
    "att": -12.199240265906935,
    "se": 6.979132224148605,
    "p_value": 0.08047104575570074,
    "ci_95_low": -25.878088068581125,
    "ci_95_high": 1.4796075367672543,
    "n": 4440,
    "method": "cs"
  },
  "sa": {
    "att": -12.199240265906932,
    "se": 3.60907253635547,
    "p_value": 0.0007244381632605101,
    "ci_95_low": -19.273022437163654,
    "ci_95_high": -5.12545809465021,
    "n": 4440,
    "method": "sa"
  },
  "bjs": {
    "att": -15.292768959434426,
    "se": 2.350611952608363,
    "p_value": 7.724643147355437e-11,
    "ci_95_low": -19.899968386546817,
    "ci_95_high": -10.685569532322035,
    "n": 4440,
    "method": "bjs"
  }
}