{
  "by_borough": {
    "Manhattan": {
      "borough": "Manhattan",
      "n_treated_units": 12,
      "n_control_units": 15,
      "n_observations": 2106,
      "att": -12.457860873997037,
      "se": 4.3100644264274575,
      "p_value": 0.0038473753348881356,
      "ci_95_low": -20.905587149794854,
      "ci_95_high": -4.010134598199221
    },
    "Bronx": {
      "borough": "Bronx",
      "n_treated_units": 12,
      "n_control_units": 15,
      "n_observations": 2106,
      "att": -9.861552185548545,
      "se": 3.098759955677365,
      "p_value": 0.0014605042242388285,
      "ci_95_low": -15.93512169867618,
      "ci_95_high": -3.7879826724209096
    },
    "Brooklyn": {
      "borough": "Brooklyn",
      "n_treated_units": 18,
      "n_control_units": 15,
      "n_observations": 2574,
      "att": -16.91130934681321,
      "se": 3.4054883875572486,
      "p_value": 6.838374979116481e-07,
      "ci_95_low": -23.586066586425417,
      "ci_95_high": -10.236552107201002
    },
    "Queens": {
      "borough": "Queens",
      "n_treated_units": 14,
      "n_control_units": 15,
      "n_observations": 2262,
      "att": -7.316503122212349,
      "se": 1.7009827889232974,
      "p_value": 1.6976932134832955e-05,
      "ci_95_low": -10.650429388502012,
      "ci_95_high": -3.982576855922686
    },
    "Staten Island": {
      "borough": "Staten Island",
      "n_treated_units": 3,
      "n_control_units": 15,
      "n_observations": 1404,
      "att": -6.165447517097851,
      "se": 2.291256795517776,
      "p_value": 0.007126844464826001,
      "ci_95_low": -10.656310836312691,
      "ci_95_high": -1.6745841978830107
    }
  }
}