{
  "coef_treatment_log": -0.07168406935911843,
  "se": 0.072964405055817,
  "p_value": 0.32587692436041893,
  "ci_95": [
    -0.21469167542191198,
    0.07132353670367512
  ],
  "r_squared": 0.9425184633012657,
  "pct_change_point_est": -6.917507452247573,
  "interpretation": "exp(coef) - 1 is the fractional change in expected complaints per CD per month."
}