{
  "twfe": {
    "att": 3.623043623043618,
    "se": 8.076634453294508,
    "p_value": 0.6538261539792283,
    "ci_95": [
      -12.225402366862072,
      19.47148961294931
    ],
    "n": 1125
  },
  "cs": {
    "att": -8.455710955710956,
    "se": 4.930148376639647,
    "p_value": 0.08632639331773961,
    "ci_95": [
      -18.118624212363276,
      1.2072023009413648
    ],
    "n": 1125
  },
  "sa": {
    "att": -8.455710955710956,
    "se": 3.2181043218892946,
    "p_value": 0.00860036985796686,
    "ci_95": [
      -14.763195426613972,
      -2.148226484807938
    ],
    "n": 1125
  },
  "bjs": {
    "att": 3.6230436230440253,
    "se": 1.921569504961308,
    "p_value": 0.05936767684488942,
    "ci_95": [
      -0.14323260668013837,
      7.389319852768189
    ],
    "n": 1125
  }
}