{
  "twfe": {
    "att": -44.35097001763664,
    "se": 42.222758340356236,
    "p_value": 0.2938398235621087,
    "ci_95": [
      -127.22764168841714,
      38.525701653143855
    ],
    "n": 900
  },
  "cs": {
    "att": -54.82716049382718,
    "se": 25.321725180690933,
    "p_value": 0.03037067607728039,
    "ci_95": [
      -104.4568298744024,
      -5.197491113251957
    ],
    "n": 900
  },
  "sa": {
    "att": -54.827160493827165,
    "se": 5.8333469738902135,
    "p_value": 0.0,
    "ci_95": [
      -66.26052056265198,
      -43.39380042500235
    ],
    "n": 900
  },
  "bjs": {
    "att": -44.35097001763486,
    "se": 2.7826309936050726,
    "p_value": 0.0,
    "ci_95": [
      -49.8049267651008,
      -38.89701327016891
    ],
    "n": 900
  }
}