{
  "twfe": {
    "att": -20.691415754257907,
    "se": 13.02446964295204,
    "p_value": 0.1124313374208763,
    "ci_95": [
      -46.24762744759595,
      4.864795939080139
    ],
    "n": 1170
  },
  "cs": {
    "att": -25.975065616797902,
    "se": 8.59450910715966,
    "p_value": 0.002508732945956549,
    "ci_95": [
      -42.81999393163233,
      -9.130137301963472
    ],
    "n": 1170
  },
  "sa": {
    "att": -19.408950617283946,
    "se": 2.288582209187122,
    "p_value": 0.0,
    "ci_95": [
      -23.894571747290705,
      -14.923329487277186
    ],
    "n": 1170
  },
  "bjs": {
    "att": -20.201635812472386,
    "se": 1.379971886990598,
    "p_value": 0.0,
    "ci_95": [
      -22.90638071097396,
      -17.496890913970812
    ],
    "n": 1170
  }
}