{
  "twfe": {
    "att": -7.978516858644273,
    "se": 2.0090882262772194,
    "p_value": 7.258341498483922e-05,
    "ci_95": [
      -11.91727804400216,
      -4.039755673286386
    ],
    "n": 4810
  },
  "cs": {
    "att": -2.8410256410256416,
    "se": 1.831248818345154,
    "p_value": 0.12080242556989029,
    "ci_95": [
      -6.430207371713675,
      0.748156089662392
    ],
    "n": 4810
  },
  "sa": {
    "att": -11.458085646442315,
    "se": 2.3117676532849014,
    "p_value": 7.180483680979677e-07,
    "ci_95": [
      -15.989150246880723,
      -6.927021046003909
    ],
    "n": 4810
  },
  "bjs": {
    "att": -8.837501134241805,
    "se": 0.8410787539496354,
    "p_value": 0.0,
    "ci_95": [
      -10.48601549198309,
      -7.18898677650052
    ],
    "n": 4810
  }
}