{
  "twfe": {
    "att": 9.966346516007496,
    "se": 1.8195802368302783,
    "p_value": 4.677175713396764e-08,
    "ci_95": [
      6.398591517838993,
      13.534101514176
    ],
    "n": 3108
  },
  "cs": {
    "att": -17.271280602636537,
    "se": 2.648642486543704,
    "p_value": 6.993117196429921e-11,
    "ci_95": [
      -22.46252448418481,
      -12.080036721088263
    ],
    "n": 3108
  },
  "sa": {
    "att": -17.271280602636534,
    "se": 3.2506361374177417,
    "p_value": 1.077165796559143e-07,
    "ci_95": [
      -23.642527431975306,
      -10.90003377329776
    ],
    "n": 3108
  },
  "bjs": {
    "att": 9.966346516007492,
    "se": 0.8240071247652606,
    "p_value": 0.0,
    "ci_95": [
      8.351292551467582,
      11.581400480547403
    ],
    "n": 3108
  }
}