{
  "twfe": {
    "att": 10.639487179487105,
    "se": 6.383242445875073,
    "p_value": 0.09566200174078898,
    "ci_95": [
      -1.8765012225766213,
      23.15547558155083
    ],
    "n": 3108
  },
  "cs": {
    "att": -24.41794871794871,
    "se": 16.54265042602626,
    "p_value": 0.13992771874630683,
    "ci_95": [
      -56.840947761796365,
      8.005050325898942
    ],
    "n": 3108
  },
  "sa": {
    "att": -24.417948717948715,
    "se": 2.618659853154801,
    "p_value": 0.0,
    "ci_95": [
      -29.550522030132125,
      -19.285375405765304
    ],
    "n": 3108
  },
  "bjs": {
    "att": 10.639487179487064,
    "se": 3.2662565421365746,
    "p_value": 0.0011243991493405936,
    "ci_95": [
      4.237624356899378,
      17.04135000207475
    ],
    "n": 3108
  }
}