{
  "twfe": {
    "att": -14.311281164252426,
    "se": 2.2256049544772867,
    "p_value": 1.431088580972073e-10,
    "ci_95": [
      -18.67477109252235,
      -9.947791235982503
    ],
    "n": 3942
  },
  "cs": {
    "att": -4.785642450661585,
    "se": 2.220828497202137,
    "p_value": 0.031170396219032392,
    "ci_95": [
      -9.138386321017986,
      -0.43289858030518413
    ],
    "n": 3942
  },
  "sa": {
    "att": -12.116028457836368,
    "se": 2.609485788955842,
    "p_value": 3.432678981063475e-06,
    "ci_95": [
      -17.230620604189816,
      -7.001436311482918
    ],
    "n": 3942
  },
  "bjs": {
    "att": -17.433998253932884,
    "se": 0.7073628590262311,
    "p_value": 0.0,
    "ci_95": [
      -18.820429457624297,
      -16.047567050241472
    ],
    "n": 3942
  }
}