{
  "twfe": {
    "att": -6.701317044537384,
    "se": 1.8223030909498514,
    "p_value": 0.00023907622034968767,
    "ci_95": [
      -10.274167035118197,
      -3.1284670539565713
    ],
    "n": 3723
  },
  "cs": {
    "att": -14.214432460195171,
    "se": 2.582448160298676,
    "p_value": 3.707495199734012e-08,
    "ci_95": [
      -19.275937846322297,
      -9.152927074068046
    ],
    "n": 3723
  },
  "sa": {
    "att": -14.214432460195171,
    "se": 2.803353400195334,
    "p_value": 3.9675031526797966e-07,
    "ci_95": [
      -19.709005124578027,
      -8.719859795812315
    ],
    "n": 3723
  },
  "bjs": {
    "att": -6.701317044537372,
    "se": 0.6191739988515389,
    "p_value": 0.0,
    "ci_95": [
      -7.914898082286388,
      -5.4877360067883565
    ],
    "n": 3723
  }
}