{
  "twfe": {
    "att": -23.043016975308284,
    "se": 8.726010236245678,
    "p_value": 0.008323907555909615,
    "ci_95": [
      -40.153904380379444,
      -5.9321295702371195
    ],
    "n": 2628
  },
  "cs": {
    "att": -12.060378086419757,
    "se": 7.022494182595015,
    "p_value": 0.08590750070285313,
    "ci_95": [
      -25.82421376594803,
      1.703457593108519
    ],
    "n": 2628
  },
  "sa": {
    "att": -12.060378086419755,
    "se": 3.616543404595719,
    "p_value": 0.0008536678334820635,
    "ci_95": [
      -19.148803159427366,
      -4.971953013412145
    ],
    "n": 2628
  },
  "bjs": {
    "att": -23.04301697530906,
    "se": 2.6817729493582045,
    "p_value": 0.0,
    "ci_95": [
      -28.299291956051142,
      -17.78674199456698
    ],
    "n": 2628
  }
}