{
  "n_centroids": 59,
  "n_treated": 9,
  "zone_center": [
    -73.98245913956417,
    40.75399623662904
  ]
}