{
  "running_var_range": [
    -7.487896372014907,
    29.44696031430995
  ],
  "n_units": 59
}