{
  "running_variable": "pre_mean_complaint_rate",
  "cutoff": 35.14285714285714,
  "design": "sharp",
  "optimal_bandwidth_mserd": 13.446295173915638,
  "att_conventional": 1.0227302394097677,
  "se": 3.5013542193090412,
  "p_value": 0.7702135137457725,
  "ci_95_low": -5.839797927553311,
  "ci_95_high": 7.885258406372847,
  "n_effective_left": 17,
  "n_effective_right": 13,
  "bandwidth_sensitivity": [
    {
      "bandwidth_label": "h/2",
      "bandwidth": 6.723147586957819,
      "att": -0.011826998352390206,
      "se": 5.087929290171935,
      "p_value": 0.9981453022733664
    },
    {
      "bandwidth_label": "h",
      "bandwidth": 13.446295173915638,
      "att": 1.0227302394097677,
      "se": 3.5013455442373154,
      "p_value": 0.7702129604259941
    },
    {
      "bandwidth_label": "2h",
      "bandwidth": 26.892590347831277,
      "att": -2.057933531037804,
      "se": 3.003522547021435,
      "p_value": 0.493234554243024
    }
  ],
  "caveat": "No policy-assigned running variable exists. This RDD is a discontinuity-based sensitivity check \u2014 not a primary identification. Interpret magnitude with caution."
}