{
  "twfe_coef_treatment": -0.03277325311219245,
  "twfe_se_treatment": 2.105504186737544,
  "twfe_p_treatment": 0.9875810188655565,
  "r_squared": 0.7993502634051256,
  "n_obs": 5550,
  "breusch_pagan": {
    "stat": 1956.3597237046713,
    "p_value": 0.0,
    "interpretation": "heteroskedastic"
  },
  "shapiro_wilk_on_sampled_residuals": {
    "stat": 0.9015005973612856,
    "p_value": 5.893027614436934e-49,
    "sample_size": 5000,
    "interpretation": "non_normal"
  },
  "residuals_summary": {
    "mean": 3.927829032994572e-15,
    "std": 17.68881862153111,
    "min": -87.71229238924354,
    "max": 186.69975624314336
  }
}