{
  "twfe_coef_treatment": -10.261379273843824,
  "twfe_se_treatment": 1.7718733516478187,
  "twfe_p_treatment": 6.9860330860477844e-09,
  "r_squared": 0.7992422547419259,
  "n_obs": 5772,
  "breusch_pagan": {
    "stat": 2003.1409786942727,
    "p_value": 0.0,
    "interpretation": "heteroskedastic"
  },
  "shapiro_wilk_on_sampled_residuals": {
    "stat": 0.8914882851269467,
    "p_value": 1.3546062439383878e-50,
    "sample_size": 5000,
    "interpretation": "non_normal"
  },
  "residuals_summary": {
    "mean": -3.9254654812747877e-14,
    "std": 17.576418819807824,
    "min": -84.88591511852735,
    "max": 188.27148469951817
  }
}